{"cameraMode":{"drawMode":0,"name":"Shaded","section":"Shading Mode"},"sceneLighting":true,"audioPlay":false,"sceneViewState":{"m_AlwaysRefresh":false,"showFog":false,"showSkybox":true,"showFlares":false,"showImageEffects":true,"showParticleSystems":true,"showVisualEffectGraphs":true,"m_FxEnabled":true},"in2DMode":false,"pivot":{"x":22.481212615966798,"y":29.513376235961915,"z":-3.6243200302124025},"rotation":{"x":0.37771207094192507,"y":0.2920040190219879,"z":-0.12684378027915955,"w":0.8694902062416077},"size":3.862720251083374,"orthographic":false}